<?xml version="1.0" encoding="UTF-8"?>
<!DOCTYPE suite SYSTEM "https://testng.org/testng-1.0.dtd">
<suite name="Suite" parallel="tests" thread-count="3">

<test thread-count="5" name="TestClassCusFrontEnd_Login">
 <parameter name="browser" value="chrome"/> 
   <classes>
     <class name="net.PhpTravels.scripts.TestClassCusFrontEnd_Login"/>
   </classes>
</test> <!-- Test -->

<test thread-count="5" name="TestClassCusFrontEnd_Links">
 <parameter name="browser" value="chrome"/> 
   <classes>
     <class name="net.PhpTravels.scripts.TestClassCusFrontEnd_Links"/>
   </classes>
</test> <!-- Test -->

<test thread-count="5" name="TestClassCusFrontEnd_Payments">
 <parameter name="browser" value="chrome"/> 
   <classes>
     <class name="net.PhpTravels.scripts.TestClassCusFrontEnd_Payments"/>
   </classes>
</test> <!-- Test -->

<test thread-count="5" name="TestClassCusFrontEnd_Bookings">
 <parameter name="browser" value="chrome"/> 
   <classes>
     <class name="net.PhpTravels.scripts.TestClassCusFrontEnd_Bookings"/>
   </classes>
</test> <!-- Test -->

<test thread-count="5" name="TestClassCusFrontEnd_Address">
 <parameter name="browser" value="chrome"/> 
   <classes>
     <class name="net.PhpTravels.scripts.TestClassCusFrontEnd_Address"/>
   </classes>
</test> <!-- Test -->

<test thread-count="5" name="TestClassAgeFrontEnd_Login">
 <parameter name="browser" value="chrome"/> 
   <classes>
     <class name="net.PhpTravels.scripts.TestClassAgeFrontEnd_Login"/>
   </classes>
</test> <!-- Test -->

<test thread-count="5" name="TestClassAgeFrontEnd_Links">
 <parameter name="browser" value="chrome"/> 
   <classes>
     <class name="net.PhpTravels.scripts.TestClassAgeFrontEnd_Links"/>
   </classes>
</test> <!-- Test -->

<test thread-count="5" name="TestClassAgeFrontEnd_Search">
 <parameter name="browser" value="chrome"/> 
   <classes>
     <class name="net.PhpTravels.scripts.TestClassAgeFrontEnd_Search"/>
   </classes>
</test> <!-- Test -->

<test thread-count="5" name="TestClassAgeFrontEnd_Currency">
 <parameter name="browser" value="chrome"/> 
   <classes>
     <class name="net.PhpTravels.scripts.TestClassAgeFrontEnd_Currency"/>
   </classes>
</test> <!-- Test -->

<test thread-count="5" name="TestClassAdmBackEnd_Login">
 <parameter name="browser" value="chrome"/> 
   <classes>
     <class name="net.PhpTravels.scripts.TestClassAdmBackEnd_Login"/>
   </classes>
</test> <!-- Test -->

<test thread-count="5" name="TestClassAdmBackEnd_Bookings">
 <parameter name="browser" value="chrome"/> 
   <classes>
     <class name="net.PhpTravels.scripts.TestClassAdmBackEnd_Bookings"/>
   </classes>
</test> <!-- Test -->

<test thread-count="5" name="TestClassAdmBackEnd_Website">
 <parameter name="browser" value="chrome"/> 
   <classes>
     <class name="net.PhpTravels.scripts.TestClassAdmBackEnd_Website"/>
   </classes>
</test> <!-- Test -->

<test thread-count="5" name="TestClassSupBackEnd_Login">
 <parameter name="browser" value="chrome"/> 
   <classes>
     <class name="net.PhpTravels.scripts.TestClassSupBackEnd_Login"/>
   </classes>
</test> <!-- Test -->

<test thread-count="5" name="TestClassSupBackEnd_Dashboard">
 <parameter name="browser" value="chrome"/> 
   <classes>
     <class name="net.PhpTravels.scripts.TestClassSupBackEnd_Dashboard"/>
   </classes>
</test> <!-- Test -->

<test thread-count="5" name="TestClassSupBackEnd_Bookings">
 <parameter name="browser" value="chrome"/> 
   <classes>
     <class name="net.PhpTravels.scripts.TestClassSupBackEnd_Bookings"/>
   </classes>
</test> <!-- Test -->

<test thread-count="5" name="TestClassSupBackEnd_Links">
 <parameter name="browser" value="chrome"/> 
   <classes>
     <class name="net.PhpTravels.scripts.TestClassSupBackEnd_Links"/>
   </classes>
</test> <!-- Test -->

</suite> <!-- Suite -->

